<?xml version="1.0" encoding="UTF-8"?>
<project-private xmlns="http://www.netbeans.org/ns/project-private/1">
    <editor-bookmarks xmlns="http://www.netbeans.org/ns/editor-bookmarks/2" lastBookmarkId="0"/>
    <open-files xmlns="http://www.netbeans.org/ns/projectui-open-files/2">
        <group>
            <file>file:/C:/wamp64/www/ecomm/resources/views/state/index.blade.php</file>
            <file>file:/C:/wamp64/www/ecomm/routes/web.php</file>
            <file>file:/C:/wamp64/www/ecomm/resources/views/frontend/seller/shipState.blade.php</file>
            <file>file:/C:/wamp64/www/ecomm/app/Http/Controllers/HomeController.php</file>
            <file>file:/C:/wamp64/www/ecomm/app/Http/Controllers/StateController.php</file>
            <file>file:/C:/wamp64/www/ecomm/resources/views/frontend/inc/seller_side_nav.blade.php</file>
        </group>
    </open-files>
</project-private>
